name,type,merged_into,age_days,relative_age,last_commit,sha
# remote_url: https://github.com/eye-share/eye-share
# generated: 2026-04-18T10:35:23Z
feature/tietoevry,remote,master,1926,5 years ago,2021-01-07,99b1cc43
feature/autocoding,remote,master,1919,5 years ago,2021-01-15,06a931c6
feature/webshop_build,remote,master,1591,4 years ago,2021-12-09,dae1c496
feature/autocoding2phase2,remote,master,1395,3 years ago,2022-06-22,04df6f0f
feature/useraudit,remote,master,1200,3 years ago,2023-01-04,81373eed
feature/RemainingAmount_ServiceLines,remote,master,872,2 years ago,2023-11-27,b7173e05
feature/PurchaseItemGroupApprovalTemplate,remote,master,857,2 years ago,2023-12-13,75a37669
feature/assistant,remote,master,796,2 years ago,2024-02-12,81c983ef
feature/new-portal,remote,master,795,2 years ago,2024-02-12,3aeeb478
feature/tagmanagement,remote,master,556,1 year ago,2024-10-08,454faae1
feature/eyeda-api-calls,remote,master,547,1 year ago,2024-10-18,0c0fdb93
task/t1209763544210532_improve_peppol_order_line,remote,master,387,1 year ago,2025-03-26,fe19428b
task/t1209798095842598_userinfoextended_has_avatar,remote,master,386,1 year ago,2025-03-28,8af9abc1
task/t1209915609587512-api-for-implemented-plugin-modules,remote,master,372,1 year ago,2025-04-10,63cd3e82
task/t1209906764652020_Removed-GetLineNumberMatches-from-PurchaseOrderImportedLineMatcher,remote,master,367,1 year ago,2025-04-15,ea7e5505
task/t1209898868439976_purchaseitem_purchase_poinvoice_req,remote,master,354,11 months ago,2025-04-29,55291046
task/t1209736148047488_CreditNote-Coding-Lines-Should-Properly-Link-To-Po-Lines-2,remote,master,354,11 months ago,2025-04-28,9e216748
task/t1208901761999338-formatless_xml_einvoice_mapping,remote,master,339,11 months ago,2025-05-14,968272c5
task/t1209832634609543_compression_breach_fix,remote,master,338,11 months ago,2025-05-14,b7246462
task/t1210239037628136_message_translation_bug,remote,master,337,11 months ago,2025-05-15,913078f2
task/t1210244614670078_first_change_update_fix,remote,master,331,11 months ago,2025-05-22,819a5498
task/t1209654942658646-CannotCopyUserWithTags,remote,master,331,11 months ago,2025-05-22,fc4ddb5e
task/t1210108886819208_replacement-approvals-in-portal-not-included,remote,master,331,11 months ago,2025-05-22,683c916b
task/t1210244643465815_applyCommands_no_throw,remote,master,326,10 months ago,2025-05-27,a27ef9f0
task/t1209854299016931-EyeDa_snack,remote,master,326,10 months ago,2025-05-27,a550d54c
task/t1210035985342613_clear-aggregation-stage-payment,remote,master,324,10 months ago,2025-05-28,e2c9dcbc
task/t1210283419432667_Department-and-project-requisition-purchase-fixes,remote,master,324,10 months ago,2025-05-28,411ba2cd
task/t1209830989808864_ancestor-access-for-company-message,remote,master,324,10 months ago,2025-05-28,bee41497
task/t1209914741261759_two_approval_steps_changeLog_merge,remote,master,320,10 months ago,2025-06-02,6b59b5d1
task/t1210340979757750_commands_squashing,remote,master,319,10 months ago,2025-06-02,0a3d6575
task/t1210182371058513_upload-attachment-purchase-items,remote,master,319,10 months ago,2025-06-03,e45a229e
task/t1210145294818962_rollback-and-settotransferred-for-critical-states,remote,master,318,10 months ago,2025-06-04,b24f57d7
task/1210433227786013_count_excel_export_with_lines,remote,master,318,10 months ago,2025-06-04,67cf205f
task/1210439173744851_excel_export_document_view_log,remote,master,317,10 months ago,2025-06-05,41616b47
task/t1210439202427648_wrong_system_user,remote,master,317,10 months ago,2025-06-05,73231b51
task/t1210045361535722_settings_fix,remote,master,315,10 months ago,2025-06-06,57224213
task/t1205486451764780_Account-Rules-For-More-Modules,remote,master,311,10 months ago,2025-06-11,ff39f6cc
task/t1209962968067220_watch_issue,remote,master,311,10 months ago,2025-06-10,2297392b
task/t1201277983928583_recurring-purchases,remote,master,310,10 months ago,2025-06-12,e7207871
task/t1209257883552923_correction_converts_negative_amounts_to_positive,remote,master,310,10 months ago,2025-06-11,e94b346b
task/t1209720753938173_move_einvoice,remote,master,309,10 months ago,2025-06-13,225c11d1
task/1210196282245873_read-invoice-agreement-access,remote,master,308,10 months ago,2025-06-13,91fade38
task/t1209298670081346_new_common_review_approval_setup,remote,master,305,10 months ago,2025-06-16,ee1c553f
task/t1210244643465805_snapshot_errors,remote,master,303,10 months ago,2025-06-18,bcc40d96
task/t1210089909752881_flex_Purchase_item_and_Item_group,remote,master,302,10 months ago,2025-06-20,83b6e4b1
task/t1209881699684211_SetCodeOnLine-Should-Set-Project,remote,master,301,10 months ago,2025-06-20,e2905f49
task/t1210173943891247_Certain-Fields-From-PurchaseDeliveryPoint-Not-Cleared,remote,master,297,9 months ago,2025-06-25,438cd53a
task/t1208934409841390_actionLog_missingId,remote,master,297,9 months ago,2025-06-24,48127c8c
task/t1210604321409509_portal_warning_overdue,remote,master,297,9 months ago,2025-06-24,9d76e436
task/t1209544419711127_gdpr-compliant-demo-environment,remote,master,297,9 months ago,2025-06-24,956503f3
task/t1210024430513925_changeLog_invalid_context,remote,master,297,9 months ago,2025-06-25,1159efb0
task/t1210590621887755_only-special-updates-unable-to-approve-purchase,remote,master,296,9 months ago,2025-06-26,c224010a
task/t1210613324595636_accounting-purchase-lines-missing-source,remote,master,296,9 months ago,2025-06-26,efba0cfd
task/t1208094112503092_company-address-excel-import,remote,master,295,9 months ago,2025-06-26,784aa9a0
task/t1209898889956512_attachments_navigation_issue,remote,master,295,9 months ago,2025-06-26,e8c5f132
task/t1209257107456768_Coding-Template-List-Not-Loading,remote,master,292,9 months ago,2025-06-30,335fd048
task/t1210166449916157-correction-access-fix,remote,master,291,9 months ago,2025-07-01,9208a7f1
task/t1210637511252778_action_overflow,remote,master,291,9 months ago,2025-07-01,229b5a2c
task/t1210421256080772_block-approval-edit-after-approve,remote,master,289,9 months ago,2025-07-03,98fdb5ee
task/t1210691105005793-AuthApiClient_list_updates,remote,master,289,9 months ago,2025-07-03,3fb7e525
task/t1210091261180392-Enable_department_and_project_for_actionrule,remote,master,288,9 months ago,2025-07-03,26c0b979
task/t1208915982883392_Allocation-Currency-Amount-Is-Gross-Amount-When-Using-Net-Allocation,remote,master,282,9 months ago,2025-07-09,75cb4d96
task/t1208455391487426_show_supplierfilters,remote,master,268,8 months ago,2025-07-23,a0287e24
task/t1210921426365535-gitignore_copilot,remote,master,260,8 months ago,2025-07-31,7a21a8b5
task/t1210224161502698_purchase-set-to-approved-privilege,remote,master,259,8 months ago,2025-08-01,15424943
task/t1208988496551614_Negative-InvoicedNow-CreditNote-ExtraCost,remote,master,257,8 months ago,2025-08-04,0a5392d0
task/t1210948903782601_reportLog-automatically-transferred-purchaseorders,remote,master,255,8 months ago,2025-08-05,730ebcc7
task/t1210924804582089_settings-order,remote,master,255,8 months ago,2025-08-06,e182f5c1
task/t1210717277670012_attachment-reorder-restricted-access,remote,master,255,8 months ago,2025-08-05,81f27f23
task/t1210203913772494_settings_cache,remote,master,254,8 months ago,2025-08-06,61bb36a5
task/t1209387585842766_Fix-Duplicates-In-User-Company-Association,remote,master,254,8 months ago,2025-08-06,b039bf49
task/t1210773206548481_attachment-order-tracking,remote,master,254,8 months ago,2025-08-06,58a54251
task/t1210740941710909-redis_update,remote,master,253,8 months ago,2025-08-08,639cbaea
task/t1209652823978345_error-in-filtering-on-account-rules,remote,master,253,8 months ago,2025-08-08,834f7d23
task/t1210987166990064_fieldsadmin_issue,remote,master,249,8 months ago,2025-08-11,57f67c77
task/t1201843615362508_workflow_on_linux,remote,master,248,8 months ago,2025-08-13,90ba4f58
task/t1207917466759509_Add-IntegrationReference-Field-To-TransferInfo,remote,master,247,8 months ago,2025-08-14,78ba9dd9
task/t1210969589609088_new_invalid_approval_method,remote,master,246,8 months ago,2025-08-14,4bb13133
task/t1208630119809121_UpdatedGDPictureTo14.3.12,remote,master,246,8 months ago,2025-08-15,b07db1ab
task/t1206008153385618_automatic-transfer,remote,master,246,8 months ago,2025-08-14,057ffa45
task/t1211015037033702-Missing_mobileUse_expense,remote,master,242,8 months ago,2025-08-18,d5eb0558
task/t1210982636421625-Move_defaultTransferPeriod_to_setting,remote,master,242,8 months ago,2025-08-18,21d9bfee
task/t1203593201403840_multiple-claims,remote,master,242,8 months ago,2025-08-18,12d07219
task/t1205374908726967_Responsive-Can-Be-Auto-coded-Icon,remote,master,241,8 months ago,2025-08-19,5856a5c4
task/t1210956409920291_invalid-approval-review,remote,master,240,8 months ago,2025-08-20,65f1c95c
task/t1209947531013066_Unable-To-Save-Invoice-Search-With-Multiple-Company-Codes,remote,master,239,7 months ago,2025-08-22,fcaef6a3
task/t1210806308798594_IsSubsetOf_fix,remote,master,236,7 months ago,2025-08-25,3308a414
task/t1211137399177598_remove_avatar_from_userprofile,remote,master,234,7 months ago,2025-08-27,94735ae8
task/t1210208169670370_external_invoice_attachment,remote,master,234,7 months ago,2025-08-26,0e826ffb
task/t1205629423552387-imported-edocument-attachment-trailing-semicolon,remote,master,234,7 months ago,2025-08-26,bee95c5e
task/t1210715292883117_login_issues,remote,master,233,7 months ago,2025-08-28,dc714e56
task/t1210892378933155_ExternalLineRefUsePoLine.Id,remote,master,231,7 months ago,2025-08-29,03f1bd7e
task/t1211090409988430_rotate_attachment_bug,remote,master,231,7 months ago,2025-08-29,874b01fc
task/t1211169144986534_set-migration-flag-on-entity,remote,master,231,7 months ago,2025-08-29,4959ff97
task/t1210691742072709_proj_dep_not_set_on_accLines,remote,master,228,7 months ago,2025-09-02,8c73cfb6
task/t1207287149112500_Add_ChangeLog_to_TransferBatchifier,remote,master,227,7 months ago,2025-09-02,e4e7e49f
task/t1211193844190525-Supplier_Connections,remote,master,227,7 months ago,2025-09-02,fa36fe5a
task/t1210494350376974_console-error-purchase-approver,remote,master,226,7 months ago,2025-09-03,75ead5e6
task/t1211241017304960_merge_fix,remote,master,222,7 months ago,2025-09-08,ed90b31a
task/t1211222108282734_action-log-empty-guid,remote,master,221,7 months ago,2025-09-08,f9e49789
task/t1211121836926923_changelog-entitylogmigrated-collection-mismatch,remote,master,221,7 months ago,2025-09-08,5b07a64b
task/t1210967002020758_automation-score-po-automatic-transfer,remote,master,219,7 months ago,2025-09-11,fdeacb39
task/t1211339500358658_Delta1450PurchaseCodingSplit-ToDouble,remote,master,214,7 months ago,2025-09-15,e42438c5
task/t1210456797168334_LineValidationCache-preserve-line-errors,remote,master,213,7 months ago,2025-09-16,528e0465
task/t1211076900438158-Thread_Issue_Workflow,remote,master,211,7 months ago,2025-09-18,2d994e6d
task/t1207503342639605-Clear_Conversation_Freeze_EyeDa,remote,master,210,7 months ago,2025-09-19,05b454fb
task/t1211394050753170_replacementcriteria-diminfo-client-side,remote,master,210,7 months ago,2025-09-19,4351e51d
task/t1211366881717582_try-catch-changes-only,remote,master,208,6 months ago,2025-09-22,93d9038e
task/t1204278518924486_elasticIndexing_tool,remote,master,203,6 months ago,2025-09-26,72e6a7c7
task/1211350754016428_source_purchaseItems,remote,master,199,6 months ago,2025-09-30,f0310a83
task/t1210066114139572_auth_init_vs_load,remote,master,198,6 months ago,2025-10-02,187e3552
task/t1210080469948689-Allow_thumb_down,remote,master,197,6 months ago,2025-10-02,5eb9705d
task/t1211500619072364-Vulnerability_improvements,remote,master,197,6 months ago,2025-10-02,13f94a6c
task/t1211289631171268_IntegrationReference-with-IteratingTransferService,remote,master,196,6 months ago,2025-10-03,068610d6
task/t1209673992840786_carbonFootprint,remote,master,194,6 months ago,2025-10-06,55ff8554
origin,remote,master,193,6 months ago,2025-10-06,e175d70c
task/t1211018754012330_create-travels-and-expenses-from-transactions,remote,master,193,6 months ago,2025-10-06,e175d70c
task/t1211527614737306-hangfire_core_update,remote,master,193,6 months ago,2025-10-06,e2512689
task/t1211134450698660-suggest-from-received,remote,master,191,6 months ago,2025-10-09,0d14afb5
task/t1211054825096351-simplify-entitylog-migration,remote,master,191,6 months ago,2025-10-09,8712ce9c
task/t1210383534594542_reminder-missing-invoice-link-validation,remote,master,191,6 months ago,2025-10-08,0435c205
task/t1211418671819610_tag-search-text,remote,master,189,6 months ago,2025-10-10,4fd09d36
task/t1211519151570480_new-document-attachment-bugs,remote,master,186,6 months ago,2025-10-14,91429d0b
task/t1211494339033332_automatically-transferred-purchase-order-invoices,remote,master,184,6 months ago,2025-10-15,099c5b10
task/t1210458419609677_minimumOrderQuantity,remote,master,184,6 months ago,2025-10-15,4a8368b1
task/t1210827395650512_approval_deadline_shows_no_invoices,remote,master,179,5 months ago,2025-10-21,9c9ae683
task/t1210998069011789_einvoice-mapping-preprocess-validation,remote,master,178,5 months ago,2025-10-22,307bdb20
task/t1211618915309151_non-deductible-punchout-and-freetext,remote,master,176,5 months ago,2025-10-24,aa37f353
task/t1211607526152016_creditcard-default-company,remote,master,176,5 months ago,2025-10-24,6bdb35a5
task/t1211728941735018_goodsreceipt_abstraction,remote,master,175,5 months ago,2025-10-24,85a51d2c
task/t1211339482477331_final-approver-companycode,remote,master,173,5 months ago,2025-10-27,5123a76e
task/t1211719827743304_migrate-auth-modules,remote,master,172,5 months ago,2025-10-27,5a32da7d
task/t1211622456975439_AutoCoded-ActionRule,remote,master,171,5 months ago,2025-10-28,6ff662c8
task/t1211621334047935_Enable-PO-match-errors-lists,remote,master,170,5 months ago,2025-10-29,4f31d798
task/t1211761897199091_backport-IEquatable-fix-EntityReference,remote,master,170,5 months ago,2025-10-30,5934ea34
task/1210830255688152-filter_purchaser_on_empty_alias,remote,master,170,5 months ago,2025-10-30,ab741a5f
task/t1211783531323303_elastic_empty_string_search,remote,master,169,5 months ago,2025-10-30,1553d218
task/t1211726360784837_account-rule-filtering-elastic-keyword,remote,master,169,5 months ago,2025-10-31,18f99756
task/t1211791591201139-Move_checkPurchaseCellEditable_to_scope,remote,master,169,5 months ago,2025-10-31,c6a479e9
task/t1211796251129617-workflow_copilot_instructions,remote,master,167,5 months ago,2025-11-01,e923fea7
task/t1206063119947685_Masterdata-make-inactive-in-base,remote,master,165,5 months ago,2025-11-04,b32741ff
task/t1211222552824564_Remove-approvers-and-approval-date-when-copying-lines-,remote,master,165,5 months ago,2025-11-04,3da396d0
task/t1211816713054629_filter-po-lines,remote,master,164,5 months ago,2025-11-04,cdcf9540
task/t1206202213038145-dim_collection_cleanup,remote,master,164,5 months ago,2025-11-05,f7bff776
task/1211783570461213_workflow_state_controller,remote,master,164,5 months ago,2025-11-04,4eb6c9ed
task/t1211341295848144-auth_user,remote,master,162,5 months ago,2025-11-06,a607c34a
task/t1204388812516932-user_copy_too_much,remote,master,162,5 months ago,2025-11-06,3361df02
task/t1211781593967951_Remove-integrationReference,remote,master,162,5 months ago,2025-11-06,df3af9e0
task/t1211648607791733_purchaseexporter-lines-purchaselines,remote,master,158,5 months ago,2025-11-11,f4ba586b
task/t1211750562710979_approvalTemplate_ancestor_issue,remote,master,158,5 months ago,2025-11-11,c03b08c6
task/t1211815082213590_automation-score-labels,remote,master,156,5 months ago,2025-11-12,2e2fc55c
task/t1208452393368296_extra-cost-suppliers-item-number,remote,master,156,5 months ago,2025-11-12,a4739824
task/t1211875606706549_CalculateTotalOriginalLineAmount-Should-Also-Take-IMath,remote,master,155,5 months ago,2025-11-13,a8fc2382
task/t1211241043264797_Log-Changes-On-UserImport-Even-When-No-Changes,remote,master,155,5 months ago,2025-11-14,61e455ca
task/t1211804536786874_changeLog-ignorable-entries-optimize-safing,remote,master,155,5 months ago,2025-11-13,9ad493cd
task/t1211921289733678-nullcheck_companycode,remote,master,155,5 months ago,2025-11-13,a19bc9a7
task/t1209868659419026_invoiceagreement-portal-forapproval,remote,master,155,5 months ago,2025-11-13,cf174da6
task/t1211126636708396_getcollectionname-ientity,remote,master,154,5 months ago,2025-11-14,6da01c67
task/t1211700276964544-cyclic_superior,remote,master,151,5 months ago,2025-11-17,ad693a98
task/t1211713806051954-einvoice_mapping_supplier,remote,master,150,5 months ago,2025-11-18,49132ff2
task/t1209467013669482_Upload_EDocuments_on_EInvoiceSetup,remote,master,149,4 months ago,2025-11-19,cc512e3c
task/t1208832315345185-AutoAggregateLines-default-is-true,remote,master,148,4 months ago,2025-11-21,8b6f26f7
task/t1211990679128154-eyeshare_analyzer,remote,master,148,4 months ago,2025-11-20,f77e5185
task/t1211312155659929-refresh_reminder_add_companycode_to_filter,remote,master,148,4 months ago,2025-11-20,e8020d1e
task/t1210590583905359_Origin-and-destination-for-expensetypes,remote,master,147,4 months ago,2025-11-21,7c15f784
task/t1211132764041080_purchaseRoundingError,remote,master,144,4 months ago,2025-11-24,a7578fdb
task/t1211944593920242-sftp_package_update,remote,master,144,4 months ago,2025-11-24,15442a8d
task/t1211182133446078_pur_processor_manipulate_approvals,remote,master,144,4 months ago,2025-11-24,159cb579
task/t1208988553491600-autocoding-account-type-issue,remote,master,144,4 months ago,2025-11-25,77344d96
task/t1211944593920242-redisconfig_timeout,remote,master,144,4 months ago,2025-11-24,e528ca66
task/t1201374854626622_creditcard-module-clientside-default-false,remote,master,143,4 months ago,2025-11-25,f29a82bf
task/t1211670463417807_ApprovalRule-ExceededPurchaseOrderExtraCostLimits-throws-exceptio,remote,master,143,4 months ago,2025-11-25,ffb2ae6d
task/t1208681531944826__Add-log-to-Translations-and-visibility,remote,master,142,4 months ago,2025-11-26,78f10899
task/t1211837404531587-remove_mandate_import_controller,remote,master,142,4 months ago,2025-11-26,a07031c5
task/t1211717246363005_report_productivity_purchaseorders,remote,master,142,4 months ago,2025-11-26,9e629ae8
task/t1212049283052456_creditcardmodule-is-optional,remote,master,141,4 months ago,2025-11-27,d5659950
task/t1212147061794007_invoicesNow-less-than-linematched,remote,master,141,4 months ago,2025-11-27,995d8ad5
task/t1212147236025395_purchaseItemDownloadImage,remote,master,141,4 months ago,2025-11-28,113ccb45
task/t1211990665663932_Missing-index-on-notification-collection,remote,master,138,4 months ago,2025-12-01,4eca9b0b
task/t1212220278437523-license_debug_logging,remote,master,137,4 months ago,2025-12-01,35c3a1cf
task/t1211779843958679_PO-NoMatch-reporting,remote,master,136,4 months ago,2025-12-02,b5145226
task/t1212147101930448_purchase_text_size_issues,remote,master,136,4 months ago,2025-12-03,4ffc84de
task/t1210602393538440_Remove_catalogs,remote,master,136,4 months ago,2025-12-02,675b3c13
task/t1211709946975372_purchase_item_labels_n_stuff,remote,master,135,4 months ago,2025-12-04,ce1b3e62
task/t1212149965431336_purchase-first-approver-not-set,remote,master,134,4 months ago,2025-12-05,357dbb3a
task/t1210527794835069_derive-dimension-service,remote,master,133,4 months ago,2025-12-05,fa40baff
task/t1211255194091376_external_document_access_api_schema,remote,master,133,4 months ago,2025-12-05,98ebdad9
task/t1212205790508383_sqlexport-lotsize-lotunit,remote,master,133,4 months ago,2025-12-05,c0f50853
task/t1212123382994540-signed_out_during_login,remote,master,133,4 months ago,2025-12-05,443e1caa
task/t1212338114595580_recurring-purchase-missing-log,remote,master,130,4 months ago,2025-12-08,0bb4276d
task/t1210173964688555-Order_Matcher_action_rule_logs,remote,master,130,4 months ago,2025-12-08,8ac1a77a
task/t1211717246363007_after-the-fact-Purchase-Orders,remote,master,130,4 months ago,2025-12-08,db3c557e
task/t1211751999737713-extend_license_button,remote,master,130,4 months ago,2025-12-09,4815487f
task/t1212339561678446_recurring_invoice_pub_delete_msg,remote,master,127,4 months ago,2025-12-11,7ec0b484
task/t1211350754016430_Contract_purchase_connection,remote,master,126,4 months ago,2025-12-12,e5b63600
task/t1211934522394697-extend_supplier_identification,remote,master,122,4 months ago,2025-12-17,04cabb4b
task/t1212372572863115-missing_sequence_warning,remote,master,120,4 months ago,2025-12-18,7cd430f7
task/t1211717246363009_captureinfo-into-documents,remote,master,120,4 months ago,2025-12-18,374c63f5
task/t1207997561715928-less_duplicate_logging,remote,master,120,4 months ago,2025-12-18,57d256d2
task/t1211841111003897_Allocation-for-aggregated-lines,remote,master,120,4 months ago,2025-12-18,e1e8f447
task/t1212501255626094-remove_unused_options,remote,master,103,3 months ago,2026-01-05,da0f4215
task/t1212454518439231_incorrect-linematchstatus,remote,master,102,3 months ago,2026-01-06,1e3bd988
task/t1212237308075233_User_id_Punchout,remote,master,102,3 months ago,2026-01-05,04226d31
task/t1212207591109159_negate_subset_filter,remote,master,102,3 months ago,2026-01-05,c05566a3
task/t1212401156314013_adding-tag-breaks-pomatching,remote,master,100,3 months ago,2026-01-07,447ce488
task/t1212674929990623_reminder-errormessage-misleading,remote,master,99,3 months ago,2026-01-08,af79bc29
task/t1212704485533509-credited-units,remote,master,99,3 months ago,2026-01-08,d60c496f
task/1212237308075220_vat_netAm_summary_update,remote,master,99,3 months ago,2026-01-09,ebc949b5
task/t1212286826976084_DistributeUnallocatedUnits-fix,remote,master,98,3 months ago,2026-01-09,d814ee67
task/t1212488557582686_punchoutsite_logos_missing_approvers,remote,master,96,3 months ago,2026-01-12,4fd1f2da
task/t1211876805651830_new-travel-rates-2026,remote,master,94,3 months ago,2026-01-13,311cc28e
task/t1211942544930429_coding_suggestion,remote,master,94,3 months ago,2026-01-13,6c7b8232
task/t1212343229957073_creditnote-check-on-transfer,remote,master,93,3 months ago,2026-01-14,f7a3d385
task/t1206127014943697_import_error,remote,master,93,3 months ago,2026-01-15,7c47a496
task/t1212279657788086_Excel_export_for_import_errors,remote,master,92,3 months ago,2026-01-15,cfeda8cf
task/t1212774190255876_missing-index-reportlog-purchaseorderstatur,remote,master,92,3 months ago,2026-01-15,6cf4d90b
task/t1212824590559652_sqlexport-remove-tablockx-exportall,remote,master,91,3 months ago,2026-01-16,0dbfd281
task/t1212707853889404_ordered_quote_no_access,remote,master,91,3 months ago,2026-01-16,d5726ea3
task/t1211382763236413_invocieagreement_status_on_match,remote,master,88,2 months ago,2026-01-19,e2b764f1
task/t1212768269598242_list_total_amounts,remote,master,88,2 months ago,2026-01-19,e4468781
task/t1212500559071684_approvaltemplates-with-review-not-working,remote,master,88,2 months ago,2026-01-20,4782ef8c
task/t1206151125919180-AddFieldsToSetCommonValuesForItemRegistry,remote,master,88,2 months ago,2026-01-19,ee7ed69f
task/t1212823961664796_List_columns_in_table_view,remote,master,86,2 months ago,2026-01-21,be46b481
task/t1208340464079964-cache_approval_counts,remote,master,86,2 months ago,2026-01-21,823efb38
task/t1211489990943252_mcp_backend_changes_next_to_flex,remote,master,84,2 months ago,2026-01-23,46c23977
task/t1211752017629883_Purchase_Coding_Line_Sync,remote,master,84,2 months ago,2026-01-23,14e08d59
task/1212818088002663_lib-bump151,remote,master,82,2 months ago,2026-01-26,abf3944b
task/1212818088002663_lib-bump154,remote,master,82,2 months ago,2026-01-26,17744a32
task/t1212864694715532_Removing_an_override_in_settings_does_not_update_the_value_until_you_save,remote,master,81,2 months ago,2026-01-27,fcfa6e31
task/t1207129367076327-TruncateVoucherTextOnImport,remote,master,79,2 months ago,2026-01-28,97f5f27f
task/t1211169144986542_Approval-source-missing-for-purchaser,remote,master,78,2 months ago,2026-01-29,498a0067
task/t1212812662318254_ContractLink,remote,master,74,2 months ago,2026-02-02,0fcf88ac
task/t1212835307457548_reportLog-AutomaticWorkflow-index,remote,master,74,2 months ago,2026-02-02,cac80713
task/t1212835124776720-move_errormsg_to_box_header,remote,master,73,2 months ago,2026-02-04,6638c588
task/t1212503701417588-transfer_dialog_tweak,remote,master,73,2 months ago,2026-02-04,16874a10
task/t1211783566848903_Reorder_actions_for_invoices,remote,master,72,2 months ago,2026-02-04,4a109250
task/t1207503342639605-on-behalf-of-jwt,remote,master,72,2 months ago,2026-02-04,744a6a8a
task/t1211597106238116_recurringinvoice-amountmax,remote,master,72,2 months ago,2026-02-04,eea896e1
task/t1213082990614375_backgroundtask-failing-deliverypoint,remote,master,70,2 months ago,2026-02-06,5830fb71
task/t1213188830511489_approvalcount-null-ref-post-delete,remote,master,67,2 months ago,2026-02-10,ab47ba8c
task/t1212845132433016_enable_dynamic_compression,remote,master,67,2 months ago,2026-02-09,881bb300
task/t1213025914030173_Accountypes,remote,master,67,2 months ago,2026-02-09,94469a93
release/26-flex,remote,master,66,2 months ago,2026-02-11,81b7905c
task/t1212652952211313_PeppolXML_delivery_date,remote,master,65,2 months ago,2026-02-12,a8216ffc
task/t1213262089260290_cant-change-coding-on-purchase,remote,master,63,2 months ago,2026-02-13,454a5b9b
task/t1213082696976963_recall-requisition-after-revision,remote,master,59,1 month ago,2026-02-17,fbfdd83f
task/t1212218515541016-api-rate-limit-for-ext-auth-apps,remote,master,59,1 month ago,2026-02-18,2802b7b2
task/t1212355449004026_revision-infinite-loop,remote,master,59,1 month ago,2026-02-17,5ff1aa96
task/t1212216235126769_entityLog-migration-large-logs,remote,master,59,1 month ago,2026-02-17,068e1085
task/t1213097053302789-language-fixes,remote,master,58,1 month ago,2026-02-19,69bbc039
task/t1213108682485195_punchout-fails-many-lines,remote,master,57,1 month ago,2026-02-19,859a3eac
task/t1211132715641500-dimension_merge_no_property,remote,master,57,1 month ago,2026-02-20,0db11a4e
experiment/module-federation-client,remote,master,57,1 month ago,2026-02-20,f2954e19
task/t1211646842148143_pentest-oct-2025,remote,master,57,1 month ago,2026-02-19,5e5546a7
task/t1212768269598242_Add_total_amount_to_Invoice_list_footer,remote,master,57,1 month ago,2026-02-19,234af1bc
task/t1213314027640498-import_xml_exceeds_mongo_size,remote,master,54,1 month ago,2026-02-22,534b26bd
task/t1212707585400703-make_runautoapprovalworkflow,remote,master,53,1 month ago,2026-02-23,49a5f7fa
task/t1213388100617156-Fix_URI_Too_Long,remote,master,53,1 month ago,2026-02-24,4ee59d9a
task/t1213243173981438_ignore-aisuggestion-elastic,remote,master,53,1 month ago,2026-02-23,1db5801c
task/t1213097053302801-grid-tweaks,remote,master,53,1 month ago,2026-02-23,5f1a5fea
task/t1204666848540236_sourceattachment_catalogs,remote,master,53,1 month ago,2026-02-23,286d4c53
task/t1213311387987752-backend-spa-config,remote,master,52,1 month ago,2026-02-25,1454dee0
task/t1213358379371874_Document-mandate-line-defined-on-companygroup-doesn't-apply-for-daughter-companies,remote,master,52,1 month ago,2026-02-24,dbda05fd
task/t1211804543615212_predefined-po-action-rules,remote,master,52,1 month ago,2026-02-24,e877d5f4
task/t1207503342639605_EyeDa-confirmation-dialogues-and-displaycards,remote,master,52,1 month ago,2026-02-24,6f4cdd3c
task/t1206127014943682-data-generation,remote,master,51,1 month ago,2026-02-25,f4d38658
task/t1213392005484511_purchase-comment-unsaved-changes,remote,master,49,1 month ago,2026-02-27,87c05db3
task/t1212477117046045_WorkflowTriggers-saves-even-if-result-isnt-success,remote,master,49,1 month ago,2026-02-27,f6c80904
task/t1213133939666143-toast-improvements-fixes,remote,master,49,1 month ago,2026-02-27,92f5be57
task/t1213377016389189-macos-and-vscode-support,remote,master,46,1 month ago,2026-03-03,4045dad2
task/t1213114241635309_refresh_dimension,remote,master,46,1 month ago,2026-03-02,1d526800
task/t1213024990845622_Invoice-approvers-can't-add-reviewers-to-invoices,remote,master,46,1 month ago,2026-03-02,4b568969
release/15.7-beyond,remote,master,45,1 month ago,2026-03-03,38c41b2e
task/t1213454071638101-Three_dot_menu_close,remote,master,45,1 month ago,2026-03-03,78869182
task/t1213294336577732_investigate-several-issues,remote,master,42,1 month ago,2026-03-06,7ee7d733
task/t1207503342639605_EyeDa-confirmation-dialogues,remote,master,40,1 month ago,2026-03-09,17efa0d5
task/t1206717268003887_Email-is-not-sent-for-reminder,remote,master,39,1 month ago,2026-03-09,3cfd4ced
task/t1213023183871052_Parse-department-and-project-from-import-document,remote,master,39,1 month ago,2026-03-09,f19721b2
task/t1209087842343255_einvoice_accept_importdocument,remote,master,39,1 month ago,2026-03-09,5e097128
task/t1213598550653520_scaffolding_command,remote,master,38,1 month ago,2026-03-10,500df2aa
task/t1213421836593173_extracostline_error,remote,hotfix/15.1.26-gjesdal,38,1 month ago,2026-03-11,cc695ba9
task/t1213593395150306_Not-possible-to-create-a-new-account-rule,remote,hotfix/15.7.2-counttofive,38,1 month ago,2026-03-10,c2446ef6
task/t1213421715971499_reset-action-outdated-dimensions,remote,master,38,1 month ago,2026-03-11,6275a517
task/t1213600331618011-toast-QA-Feedback,remote,master,37,1 month ago,2026-03-12,eb8744cb
task/t1213614171485011_CodingDeviation_submodules,remote,release/15.8-glimt,37,1 month ago,2026-03-11,a4846836
task/t1213509320940746_remove_elastic_indexing_hangfire,remote,release/15.8-glimt,36,1 month ago,2026-03-13,23e392a2
task/t1213108682485158_PeppolCatalog_MissingFields,remote,master,36,1 month ago,2026-03-13,3cdf9297
task/t1213081304348899_Cannot-delete-lines-on-a-purchase-revision,remote,master,36,1 month ago,2026-03-12,5230a1d1
task/t1206009363655125_virtual-ownership,remote,master,35,1 month ago,2026-03-13,0af60612
task/t1213565912710329-searching-updates,remote,master,35,1 month ago,2026-03-13,aee311c3
task/t1212306405092843_avatar_file_validatio,remote,master,35,1 month ago,2026-03-13,0bd4e455
task/t1213398978144770_If-you-change-purchase-order-number-the-coding-lines-are-not-updated,remote,hotfix/15.1.26-gjesdal,33,1 month ago,2026-03-16,e8e34c91
task/t1208909443961234_invoiceagreement-approver-lines,remote,master,32,1 month ago,2026-03-16,c0f02094
task/t1213642419466082-Swagger_does_not_work,remote,master,32,1 month ago,2026-03-16,cd29d672
task/t1212827192673841_eOrder_sending_eInvoice_setup,remote,master,31,1 month ago,2026-03-18,bfe2359d
task/t1213615629925218_make-headdimensionelasticfilter.filter-virtual,remote,hotfix/15.1.26-gjesdal,31,1 month ago,2026-03-17,1f6ef076
task/t1213454071638092_affecting_rules,remote,master,30,1 month ago,2026-03-19,ff10a6d2
task/t1210892379566716-dual-fields-replacement,remote,master,29,29 days ago,2026-03-19,59839d49
task/t1212945653459136-supplier-search,remote,master,29,29 days ago,2026-03-19,afa74258
task/t1213634284957479_creditcard-import-nullref,remote,hotfix/15.7.2-counttofive,29,29 days ago,2026-03-19,eb72f0f3
task/t1213396275077380-missing-service-account-toggle-on-user,remote,hotfix/26.0.5-spring-break,29,29 days ago,2026-03-20,97d06b5e
task/t1213108682485170-Message-from-ERP-in-TransferMessage-breaks-list-view,remote,hotfix/15.4.15-diaperchange,28,28 days ago,2026-03-20,0a866aeb
task/t1207212630668578-should_validate_vat,remote,hotfix/15.1.26-gjesdal,22,22 days ago,2026-03-27,abf7420d
task/t1213846505642320-import_throws,remote,master,21,21 days ago,2026-03-27,556b317d
task/t1212794520821655-mobile_navigation,remote,hotfix/26.0.5-spring-break,21,21 days ago,2026-03-27,1f89f7fd
task/t1212794520821655-mobile_navigation2,remote,hotfix/26.0.5-spring-break,17,17 days ago,2026-04-01,9362f33f
task/t1213884638533137_Report-translation-error,remote,hotfix/15.7.2-counttofive,17,17 days ago,2026-03-31,1e0780fd
task/t1213831948025372-replication_enrich_failure,remote,hotfix/15.1.26-gjesdal,11,11 days ago,2026-04-07,8ffe652f
release/26.1-moving-on,remote,master,11,11 days ago,2026-04-07,2be2ca17
task/t1213388100617159-MCP_Retrieve_Documents_From_Modules,remote,hotfix/26.0.5-spring-break,10,10 days ago,2026-04-07,011cd20a
task/t1212726348875192-user_license_count_retry,remote,hotfix/15.4.15-diaperchange,9,9 days ago,2026-04-09,0e378486
task/t1212216632085976-fix_duplicate_package_numbers,remote,hotfix/15.1.26-gjesdal,8,8 days ago,2026-04-10,38b84642
task/t1212794520821655-mobile_navigation3,remote,hotfix/26.0.5-spring-break,7,7 days ago,2026-04-10,02e6d908
task/t1212715345824817-requistion_4_eye_approval_rule,remote,hotfix/15.1.26-gjesdal,4,4 days ago,2026-04-13,af756c21
task/t1213730243212412-excel_export_from_item,remote,hotfix/15.7.2-counttofive,4,4 days ago,2026-04-14,12edcd47
task/t1214030764306788-dimension-not-in-use-import,remote,hotfix/15.1.26-gjesdal,4,4 days ago,2026-04-13,9a30d7e4
task/t1214053589377324_navigating_company_setup,remote,hotfix/26.0.5-spring-break,4,4 days ago,2026-04-13,7c87186d
task/t1213593364300076-Fix-stability-issues-when-adding-a-provider,remote,hotfix/26.0.5-spring-break,3,3 days ago,2026-04-14,892a317c
task/t1212810503973808-Fix-stability-issues-when-adding-a-provider,remote,hotfix/15.7.2-counttofive,3,3 days ago,2026-04-14,833dac60
task/t1213339519733890_COntract_stuff,remote,hotfix/15.1.26-gjesdal,3,3 days ago,2026-04-14,9a0ef92d
task/t1206101589238404_Purchase_module_new,remote,hotfix/26.0.5-spring-break,3,3 days ago,2026-04-15,c245ed2d
task/t1213259071336157_flex_readonly-lines,remote,hotfix/26.0.5-spring-break,2,2 days ago,2026-04-16,ded5a9d6
task/t1212471166328039_linemandates-supplier,remote,hotfix/26.0.5-spring-break,1,1 day ago,2026-04-16,ac209827
